id,username,password,is_active,nickname,mail,file,email_verified,created_at,modified_at,user_ptr

2,one-1,pbkdf2_sha256$600000$NrzVKvFy8z9psrS15RjbOm$VmVmlOATnXSLgFMezwXjipsPBF218FZJE6ceeEGWFZA=,True,one,one@gmail.com,,True,,,2

3,two-2,pbkdf2_sha256$600000$NrzVKvFy8z9psrS15RjbOm$VmVmlOATnXSLgFMezwXjipsPBF218FZJE6ceeEGWFZA=,True,two,two@gmail.com,,True,,,3

4,three-3,pbkdf2_sha256$600000$NrzVKvFy8z9psrS15RjbOm$VmVmlOATnXSLgFMezwXjipsPBF218FZJE6ceeEGWFZA=,True,three,three@gmail.com,,True,,,4

5,four-4,pbkdf2_sha256$600000$NrzVKvFy8z9psrS15RjbOm$VmVmlOATnXSLgFMezwXjipsPBF218FZJE6ceeEGWFZA=,True,four,four@gmail.com,,True,,,5

6,five-5,pbkdf2_sha256$600000$NrzVKvFy8z9psrS15RjbOm$VmVmlOATnXSLgFMezwXjipsPBF218FZJE6ceeEGWFZA=,True,five,five@gmail.com,,True,,,6

7,seven-7,pbkdf2_sha256$600000$NrzVKvFy8z9psrS15RjbOm$VmVmlOATnXSLgFMezwXjipsPBF218FZJE6ceeEGWFZA=,True,seven,seven@gmail.com,,True,,,7


