id,username,password,is_active,nickname,mail,file,identifier,email_verified,created_at,modified_at,user_ptr_id

,one-1,,True,one,one@gmail.com,,43b34fa67764438590bc2101b8a814f1,True,,,
,two-2,,True,two,two@gmail.com,,43b34fa67764438590bc2101b8a814f2,True,,,
,three-3,,True,three,three@gmail.com,,43b34fa67764438590bc2101b8a814f3,True,,,
,four-4,,True,four,four@gmail.com,,43b34fa67764438590bc2101b8a814f4,True,,,
,five-5,,True,five,five@gmail.com,,43b34fa67764438590bc2101b8a814f5,True,,,
,six-6,,True,six,six@gmail.com,,43b34fa67764438590bc2101b8a814f6,True,,,
,seven-7,,True,seven,seven@gmail.com,,43b34fa67764438590bc2101b8a814f7,True,,,


